"The Merry Meeple  ·  Game Library  ·  1086 Fulton Street, Bed-Stuy, Brooklyn",,,,,,,,,,,
348 titles  ·  BGG data matched for 224 titles  ·  MSRP & Street Price approximate — verify before ordering  ·  ★ = NYC/Brooklyn theme,,,,,,,,,,,
#,Game Name,Category,NYC,BGG Rank,Rating,Weight,Why We're Stocking It,Staff Notes,Distributor,MSRP ($),Street (~$)
1,Anomia,Party,,,,,"Players race to name examples of categories when symbols match. Simple premise, chaotic execution. Plays 3–6 in 30 minutes with zero setup.",Fast-reaction word game; catches people off guard,Alliance Game Distributors,$16.00,$13.99
2,Apples to Apples,Party,,,,,4–10 in 30 minutes. A generation's introduction to party card games. Well-known enough that no staff explanation is needed.,Classic word-comparison card game; universal recognition,Alliance Game Distributors,$24.99,$19.99
3,Balderdash,Party,,,,,"Players write fake definitions for real obscure words. Simple, accessible, and generates genuine laughter. Plays 2–6 in 30 minutes.",Bluffing with fake definitions; classic for a reason,Alliance Game Distributors,$24.99,$19.99
4,Blockbuster Movie Game,Party,,,,,Teams compete to name movies matching prompts in a video-store framing. Accessible to film fans of all depths. Plays 4–10 in 30 minutes.,Movie-trivia head-to-head; cinephile essential,Alliance Game Distributors,$29.99,$23.99
5,Bohnanza,Party,,543,7.08,1.7,"Players trade bean cards to complete sets, but can't rearrange their hand. Forces negotiation and laughter. Plays 2–7 in 45 minutes.",Bean-trading negotiation; deeply social,Alliance Game Distributors,$19.99,$15.99
6,Cards Against Humanity,Party,,,,,4–30 in 30–90 minutes. Most-requested adult party game. Keep behind counter; staff-issue only to verified adult groups. Not for family or daytime positioning.,Irreverent adult card game; highest-request title for adult groups,Publisher Direct,$29.99,$29.99
7,Cockroach Poker,Party,,,,,"Players try to offload bug cards through bluffing. Plays 2–6, takes 15 minutes, teaches instantly. Excellent gateway to deeper bluffing games.",Reverse set-collection bluffing; mean and funny,Alliance Game Distributors,$14.99,$12.99
8,Codenames,Party,,161,7.53,1.3,"The best-selling party game of the past decade. Simple rules, plays 4–8, teaches in 2 minutes. Every game is different. Staff can join as spymaster to facilitate groups of strangers.",Highest-replayability word game; café staple,Alliance Game Distributors,$19.99,$15.99
9,Codenames: Pictures,Party,,499,7.18,1.2,Replaces words with illustrated cards — removes language barrier and creates a fresh experience for Codenames regulars. Strong visual appeal on café shelves.,Visual variant; accessible to non-English speakers,Alliance Game Distributors,$19.99,$15.99
10,Concept,Party,,,,,Players give clues using symbol markers without speaking. Completely language-free. Plays 4–12 in 40 minutes. Strong accessibility for international guests.,Silent clue-giving with icons; no language barrier,Asmodee USA Direct,$34.99,$27.99
11,Decrypto,Party,,116,7.77,1.8,Two teams encode and intercept messages across rounds. Rewards creative thinking and builds across a session. Plays 3–8 in 30 minutes.,Team code-cracking word game; smart party game,Alliance Game Distributors,$24.99,$19.99
12,Dixit,Party,,422,7.18,1.2,"Dreamlike illustrated cards align with Merry Meeple's visual identity. Low language barrier, works across ages, plays 3–6. One of the most-played café games globally.",Storytelling card game; strong Dark Academia aesthetic,Asmodee USA Direct,$39.99,$32.00
13,Escape: The Curse of the Temple,Party,,821,6.95,1.5,Players race against a 10-minute soundtrack to escape a temple. Frantic and cooperative. Plays 1–5 in exactly 10 minutes.,Real-time cooperative dice game; 10-minute soundtrack,Alliance Game Distributors,$34.99,$27.99
14,Fake Artist Goes to New York,Party,★,753,7.11,1.1,Players collectively draw an object — except one player doesn't know what it is. Plays 5–10 in 20 minutes. Oink's most-played title.,Drawing game with a secret fake artist,Publisher Direct,$19.99,$15.99
15,For Sale,Party,,354,7.27,1.3,"First buy properties, then sell them. Two-phase design creates a clean arc. Plays 3–6 in 20 minutes. One of the best card fillers ever made.",Two-phase auction filler; brilliant in 20 minutes,Alliance Game Distributors,$24.99,$19.99
16,Happy Salmon,Party,,,,,Players simultaneously shout actions and physically perform them with partners. Loudest game in the library. Plays 3–6 in 2 minutes. Stock multiple copies.,Frantic real-time card-matching; pure chaos,Alliance Game Distributors,$14.99,$11.99
17,Inhuman Conditions,Party,,,,,One player may be a robot; the other must figure it out through conversation. Plays in 10 minutes. Generates intense focused dialogue.,Two-player interrogation game about AI detection,Alliance Game Distributors,$24.99,$19.99
18,Jenga,Party,,,,,"Every casual visitor knows Jenga. Physical tension of a wobbling tower creates crowd moments. 1+ players, 5–15 minutes. Buy commercial-grade blocks for durability.",Classic tower dexterity; maximum brand recognition,Alliance Game Distributors,$19.99,$15.99
19,Jungle Speed,Party,,,,,"Players flip cards and race to grab the totem on matches. Physical, fast, and universally accessible. A café classic in France.",Speed-reflexes totem-grabbing game,Asmodee USA Direct,$19.99,$15.99
20,Just One,Party,,156,7.59,1.0,"Everyone writes a clue simultaneously; duplicates cancel. Teaches instantly, plays up to 7, no reading beyond single words. Ideal table-opener for mixed-experience groups.",Cooperative word game; Spiel des Jahres winner,Asmodee USA Direct,$19.99,$16.99
21,King of Tokyo,Party,,489,7.11,1.5,Players roll Yahtzee-style dice as giant monsters attacking Tokyo. Plays 2–6 in 30 minutes. Generates genuine table energy.,"Monster brawl dice game; high energy, fast teaches",Alliance Game Distributors,$44.99,$35.99
22,Llama,Party,,,,,"Play or pass — but don't get caught with high cards. Very fast, very simple. One of the best large-hand card games for non-gamers.",Hand management card game; Spiel des Jahres winner,Alliance Game Distributors,$9.99,$7.99
23,Monikers,Party,,302,7.76,1.1,"Players describe names from cards using words, then one word, then gestures. Builds hilarity across rounds. Plays 4–16 — excellent for large groups.",Three-round party game escalating from words to charades,Alliance Game Distributors,$29.99,$23.99
24,No Thanks!,Party,,551,7.08,1.1,Players accept or pass numbered cards using chips. The simplest possible ruleset with genuine strategy. Plays 3–5 in 20 minutes.,Minimal card-taking game; clever and fast,Alliance Game Distributors,$12.99,$10.99
25,Parade,Party,,996,6.99,1.5,"Players extend a parade of cards, trying to avoid collecting too many. Plays 2–6 in 30 minutes. Elegant and slightly melancholy aesthetic.",Wonderland-themed hand management card game,Asmodee USA Direct,$24.99,$19.99
26,Pictomania,Party,,,,,Everyone draws and guesses at the same time — no waiting. Plays 3–6 in 25 minutes. Much faster and fairer than Pictionary.,Simultaneous drawing and guessing; perfectly frantic,Alliance Game Distributors,$29.99,$23.99
27,Poetry for Neanderthals,Party,,,,,Players describe words using only one-syllable words or face a foam bat. Plays 2–12 in 30 minutes. The inflatable stick guarantees engagement.,Caveman-vocabulary guessing game; very funny,Asmodee USA Direct,$19.99,$15.99
28,Quacks of Quedlinburg,Party,,,,,Players draw ingredients from a bag hoping not to explode their cauldron. Simultaneously competitive yet low-conflict. Plays 2–4 in 45 minutes.,Push-your-luck potion brewing; Spiel des Jahres winner,Alliance Game Distributors,$49.99,$39.99
29,Skull,Party,,488,7.17,1.1,One of the most elegant bluffing games ever made. Plays 3–6 in 15–30 minutes. The coaster-sized discs are café-native and nearly indestructible.,Pure bluffing with coasters; beautiful design,Asmodee USA Direct,$19.99,$15.99
30,Snake Oil,Party,,,,,Players combine word cards to pitch absurd products to a changing customer. Works brilliantly for improv-friendly groups. Plays 3–10 in 30 minutes.,Pitch ridiculous products; improv comedy game,Alliance Game Distributors,$19.99,$15.99
31,So Clover!,Party,,272,7.59,1.1,Players write clues linking adjacent word pairs on a clover-shaped card. Collaborative and satisfying. Spiel des Jahres nominee. Plays 2–6 in 30 minutes.,Cooperative word-linkage puzzle,Asmodee USA Direct,$24.99,$19.99
32,Spaceteam,Party,,,,,"Players shout nonsense instructions at each other to fix a spaceship. Fast, loud, and uniquely energetic. Plays 2–6 in 10 minutes.",Real-time cooperative chaos with cards,Alliance Game Distributors,$19.99,$15.99
33,Spot It!,Party,,,,,Every two cards share exactly one symbol. Multiple mini-games in one tin. Plays 2–8 in 15 minutes. Café-indestructible and universally loved.,"Speed-matching pattern game; any age, any group",Asmodee USA Direct,$14.99,$11.99
34,Spyfall,Party,,,,,One player is a spy at an unknown location; everyone else knows where they are. Plays 3–8 in 15 minutes. Generates wild accusations and laughter.,Location deduction with a spy; instant fun,Alliance Game Distributors,$24.99,$19.99
35,Sushi Go Party!,Party,,286,7.37,1.3,Scales to 8 players with modular dish selection. Ideal for Friday and Saturday evening groups. The customizable format keeps it fresh across multiple visits.,Expanded Sushi Go for larger groups,Alliance Game Distributors,$34.99,$27.99
36,Sushi Go!,Party,,654,6.98,1.2,"Introduces card drafting in under 5 minutes. Plays 2–5, rounds take 15 minutes, and the sushi theme is universally appealing. One of the best entry points for non-gamers wanting structure.",Fast card-drafting gateway; 15-minute plays,Alliance Game Distributors,$14.99,$11.99
37,Taco Cat Goat Cheese Pizza,Party,,,,,"Players chant the title while flipping cards; matching triggers slapping. Teaches instantly, plays 2–8, fits in a pocket. Great filler between heavier games.",Speed card-slapping game; any age,Alliance Game Distributors,$12.99,$10.99
38,Take 6!,Party,,,,,Players simultaneously place numbered cards — lowest placed in a row but never take the sixth. Plays 2–10 in 20 minutes. Elegant tension.,Tactical card placement; hidden depth in 20 minutes,Alliance Game Distributors,$14.99,$11.99
39,Telestrations,Party,,348,7.38,1.1,"Works for 4–8 players with zero game knowledge required. Generates loud, shareable moments. High-energy game that can carry a whole evening.",Telephone meets drawing; guaranteed moments,Alliance Game Distributors,$29.99,$24.99
40,The Chameleon,Party,,,,,One player secretly doesn't know the topic and must bluff. Creates instant paranoia. Plays 3–8 in 15 minutes with zero setup.,Hidden-identity word game; short and sharp,Alliance Game Distributors,$24.99,$19.99
41,The Mind,Party,,,,,"Players play numbered cards in ascending order without communicating. Creates shared focus and genuine excitement. Plays 2–4, teaches in 60 seconds.",Silent cooperative card game; creates real tension,Alliance Game Distributors,$14.99,$11.99
42,Timeline: Inventions,Party,,,,,Players place invention cards on a timeline. No need to know the exact date — just relative order. Plays 2–8 in 20 minutes. Also educational.,Historical trivia placement; no knowledge required,Asmodee USA Direct,$19.99,$15.99
43,Uno,Party,,,,,2–10 in 30 minutes. Near-zero explanation required. Comfort pick for visitors who want something familiar. Stock multiple copies.,Universal card game; world's most-played card,Alliance Game Distributors,$9.99,$7.99
44,Wavelength,Party,,526,7.20,1.1,"Players debate where a concept falls on a spectrum. Zero rules overhead, works for non-gamers, generates genuine disagreement. Strong fit for Games With Strangers events.",Spectrum debate game; generates real conversation,Alliance Game Distributors,$35.00,$28.99
45,We're Doomed!,Party,,,,,Players argue over spaceship resources while a timer counts down. Creates genuine drama and betrayal. Plays 4–10 in 20 minutes.,Real-time resource negotiation with a countdown,Alliance Game Distributors,$29.99,$23.99
46,Wits & Wagers,Party,,855,6.93,1.2,Players bet on who gave the closest answer — not who knows the most. Makes trivia accessible to everyone. Plays 3–7 in 25 minutes.,Trivia betting game; no knowledge required,Alliance Game Distributors,$34.99,$27.99
47,7 Wonders: Duel,Mid-Weight Strategy,,24,8.08,2.2,The best pure two-player game in the hobby according to many. Plays in 30 minutes. Also lives in Two-Player but warrants the mid-weight mention.,7 Wonders distilled for exactly two; phenomenal design,Asmodee USA Direct,$34.99,$27.99
48,Agricola,Mid-Weight Strategy,,84,7.96,3.4,"BGG rank #84, rating 7.96, weight 3.6. 1–4 in 30–120 minutes. The definitive worker placement game. Hobbyists specifically visit cafés to play this. Should have been in from the start.","Worker placement landmark; BGG rank #84, rating 7.96",Alliance Game Distributors,$59.99,$47.99
49,Altiplano,Mid-Weight Strategy,,473,7.42,3.3,Players draw goods from personal bags to develop their Andean estates. 2–5 in 60–90 minutes. Peaceful but strategic.,Bag-building resource management; South American theme,Alliance Game Distributors,$59.99,$47.99
50,Archeos Society,Mid-Weight Strategy,,,,,Players collect artifact sets from archaeological sites. 2–5 in 45–60 minutes. Very approachable for mid-weight — serves as a bridge.,Card-collection archaeology game; Days of Wonder production,Asmodee USA Direct,$44.99,$35.99
51,Architects of the West Kingdom,Mid-Weight Strategy,,130,7.71,2.8,Plays 1–5 in 60–80 minutes. Worker-placement with a debt/virtue mechanic that creates genuine player decisions. Excellent mid-session game.,Worker placement with virtue mechanic; 60–80 min,Alliance Game Distributors,$54.99,$43.99
52,Bora Bora,Mid-Weight Strategy,,325,7.56,3.7,Players develop island tribes using dice placement and resource management. 2–4 in 75 minutes. Complex and rewarding.,Dice placement tribal expansion game,Alliance Game Distributors,$54.99,$43.99
53,Brass: Lancashire,Mid-Weight Strategy,,23,8.20,3.8,The original Brass before Birmingham's refinements. 2–4 in 60–120 minutes. Different enough from Birmingham in pacing and strategy to justify both for dedicated enthusiasts.,Original Brass; textile industrialist network building,Alliance Game Distributors,$54.99,$43.99
54,Bruges,Mid-Weight Strategy,,385,7.43,2.8,Players use cards for multiple purposes in developing medieval Bruges. 2–4 in 60–75 minutes. Very replayable card-driven design.,Card-drafting Renaissance city building,Asmodee USA Direct,$44.99,$35.99
55,Castles of Mad King Ludwig,Mid-Weight Strategy,,232,7.50,2.6,Players buy and place rooms to build unique castles. Plays 1–4 in 90 minutes. The auction mechanic and room combinations create deep replayability.,Room-placement castle building; beloved design,Alliance Game Distributors,$49.99,$39.99
56,Caylus 1303,Mid-Weight Strategy,,,,,Updated version of the classic worker placement game Caylus. Plays 2–5 in 60–90 minutes. High depth-to-teach ratio.,Updated Caylus; efficient worker placement classic,Alliance Game Distributors,$54.99,$43.99
57,Century: Eastern Wonders,Mid-Weight Strategy,,897,7.10,2.1,Combines Century spice trading with a shared island map for route building. Plays 2–4 in 45–60 minutes. Links with Spice Road for a mega-game.,Spice trading on an island map; network building,Alliance Game Distributors,$44.99,$36.99
58,Champions of Midgard,Mid-Weight Strategy,,165,7.70,2.6,Players recruit warriors and roll combat dice against monsters. Plays 2–4 in 60–90 minutes. Very accessible theme with genuine hobbyist depth.,Viking dice-combat worker placement,Alliance Game Distributors,$49.99,$39.99
59,Charterstone,Mid-Weight Strategy,,630,7.18,2.9,Legacy worker placement where the village grows across 12 sessions. Plays 1–6. Encourages return visits across a dedicated customer group.,Legacy village building; 12-game campaign,Alliance Game Distributors,$65.00,$51.99
60,Clank!,Mid-Weight Strategy,,98,7.76,2.2,Players build decks while sneaking through a dragon's dungeon. Make noise and get damaged. Plays 2–4 in 45–90 minutes. Excellent theme integration.,Deck-building dungeon delve; push your luck,Alliance Game Distributors,$59.99,$47.99
61,Coimbra,Mid-Weight Strategy,,261,7.60,3.2,Players assign dice to actions and monasteries in Renaissance Portugal. Plays 2–4 in 60–90 minutes. Beautiful and tense.,Renaissance Portugal dice placement; tense auctions,Alliance Game Distributors,$59.99,$47.99
62,Dead Reckoning,Mid-Weight Strategy,,364,8.15,3.4,Players are pirate captains building ships and controlling seas. 2–4 in 60–120 minutes. Deep and thematic pirate simulation.,Pirate adventure deck and engine building,Alliance Game Distributors,$69.99,$55.99
63,Dominion,Mid-Weight Strategy,,145,7.60,2.3,The game that created the deck-building genre. Plays 2–6 in 30–45 minutes. Essential historical title — every serious hobbyist should play it.,The original deck-builder; still essential,Alliance Game Distributors,$44.99,$35.99
64,Dune: Imperium,Mid-Weight Strategy,,6,8.41,3.1,"BGG rank #6, rating 8.22, weight 3.1. 1–4 in 60–120 minutes. Massive IP recognition from the films. One of the best-received games of the past five years. Strong hobbyist and casual crossover.",Dune-licensed deck-building worker placement; BGG rank #6,Alliance Game Distributors,$64.99,$51.99
65,Dungeon Petz,Mid-Weight Strategy,,372,7.38,3.6,Players raise dungeon monsters for sale to overlords. Plays 2–4 in 90 minutes. Humorous theme with serious mechanics.,Competing pet shop owners raising monsters,Alliance Game Distributors,$49.99,$39.99
66,El Grande,Mid-Weight Strategy,,100,7.77,2.9,Players place Caballeros to control Spanish regions in a historical political game. 2–5 in 60–90 minutes. One of the great classic designs.,Classic area control with Grandees; timeless design,Alliance Game Distributors,$59.99,$47.99
67,Era: Medieval Age,Mid-Weight Strategy,,,,,Players build physical cities from plastic pieces guided by dice rolls. 1–4 in 45–60 minutes. The 3D construction element is visually engaging.,Roll-and-write city building in 3D,Alliance Game Distributors,$49.99,$39.99
68,Evolution,Mid-Weight Strategy,,774,7.01,2.4,Players evolve species with traits in a shared ecosystem. Teaching biology through play. Plays 2–6 in 60 minutes. Strong theme integration.,Ecosystem simulation; carnivores and herbivores,Alliance Game Distributors,$54.99,$43.99
69,Five Tribes,Mid-Weight Strategy,,95,7.76,2.8,Mancala-style movement to manipulate five colored tribes. Plays 2–4 in 40–80 minutes. Unusual mechanism with high decision-space.,Arabian Nights mancala worker placement,Asmodee USA Direct,$59.99,$47.99
70,Furnace,Mid-Weight Strategy,,407,7.39,2.3,Capitalists bid on company cards in an industrial setting. Plays 2–4 in 30–60 minutes. Excellent shorter mid-weight option.,Industrial Revolution engine-builder; fast and punchy,Alliance Game Distributors,$44.99,$36.99
71,Glen More II: Chronicles,Mid-Weight Strategy,,205,7.86,3.0,"Players expand Scottish clans, acquiring tiles and resources. 2–4 players in 60–120 minutes. Strong hobbyist following.",Scottish tile expansion; complex regional economy,Alliance Game Distributors,$54.99,$43.99
72,Grand Austria Hotel,Mid-Weight Strategy,,67,7.96,3.2,Players run a fin-de-siècle hotel satisfying demanding guests. 2–4 in 60–120 minutes. Atmospheric Dark Academia alignment. Dice-drafting mechanism is more accessible than most mid-weights.,Viennese hotel management; elegant dice worker placement,Alliance Game Distributors,$54.99,$43.99
73,Great Western Trail,Mid-Weight Strategy,,19,8.15,3.7,Players drive cattle herds while building a card deck and rail network. 1–4 in 75–150 minutes. One of the most acclaimed designs of the past decade.,Cattle drive deck-building route optimization,Alliance Game Distributors,$59.99,$47.99
74,Hadara,Mid-Weight Strategy,,571,7.38,2.2,Players draft civilization cards in a column-and-era format. 2–5 in 45–75 minutes. Strong alternative for groups who find 7 Wonders too fast.,Civilization card drafting; fast and focused,Alliance Game Distributors,$49.99,$39.99
75,Hansa Teutonica,Mid-Weight Strategy,,147,7.75,3.1,"Players build trading networks in medieval Germany. Plays 2–5 in 30–90 minutes. Subtle, high-depth game beloved by dedicated hobbyists.",Network-building classic; deep and understated,Alliance Game Distributors,$54.99,$43.99
76,Imperial,Mid-Weight Strategy,,368,7.59,3.6,Players invest in European empires rather than controlling them directly. 2–6 in 90–180 minutes. Unusual and thought-provoking.,Geopolitical investment game; control empires,Alliance Game Distributors,$54.99,$43.99
77,Imperial Settlers,Mid-Weight Strategy,,394,7.29,2.8,Players develop civilizations using card chains without direct combat. Plays 1–4 in 45–90 minutes. Distinctive asymmetric faction design.,Civilization card-building without war,Alliance Game Distributors,$44.99,$35.99
78,Innovation,Mid-Weight Strategy,,379,7.32,2.8,"Players develop civilizations from cards representing human innovations. Very fast, very chaotic. 2–4 in 30–60 minutes.",Civilization card game; radical and unpredictable,Alliance Game Distributors,$24.99,$19.99
79,Kingdom Builder,Mid-Weight Strategy,,778,6.93,2.1,Players build kingdoms using randomly drawn scoring conditions and board sections. Plays 2–4 in 45 minutes. Fast once learned.,Modular territory building; different every game,Alliance Game Distributors,$44.99,$36.99
80,Kingsburg,Mid-Weight Strategy,,542,7.17,2.4,Players advise the king by placing dice with matching sums. 2–5 in 90 minutes. Very accessible dice worker placement.,Dice worker placement for the king; year-end battles,Asmodee USA Direct,$49.99,$39.99
81,Le Havre,Mid-Weight Strategy,,80,7.83,3.7,"BGG rank #80, rating 7.66, weight 3.7. 1–5 in 30–150 minutes. Uwe Rosenberg's most accessible long game. Beloved by serious mid-weight players.",Port-city resource conversion; BGG rank #80,Alliance Game Distributors,$54.99,$43.99
82,Lewis & Clark,Mid-Weight Strategy,,,,,Players recruit explorers to efficiently traverse the continent. 1–5 in 60–120 minutes. Complex hand management in an accessible theme.,Hand management race to the Pacific,Alliance Game Distributors,$54.99,$43.99
83,Lords of Waterdeep,Mid-Weight Strategy,,106,7.73,2.4,Plays 2–5 in 60–120 minutes. D&D worker placement with strong IP recognition. Good bridge between casual visitors and serious hobbyists.,"D&D worker placement; strong IP, accessible mechanics",Alliance Game Distributors,$49.99,$39.99
84,Lost Ruins of Arnak,Mid-Weight Strategy,,30,8.08,2.9,Combines deck-building with worker placement in an archaeological setting. Plays 1–4 in 30–120 minutes. Strong hobbyist and casual crossover.,Exploration deck-builder meets worker placement,Alliance Game Distributors,$59.99,$47.99
85,Maracaibo,Mid-Weight Strategy,,87,7.94,3.9,Players sail the Caribbean pursuing story objectives and building influence. Plays 1–4 in 30–120 minutes. Rich theme and high replayability.,Caribbean adventure exploration game,Alliance Game Distributors,$64.99,$51.99
86,Marco Polo,Mid-Weight Strategy,,120,7.76,3.2,Players travel from Venice to Beijing with unique character powers. 2–4 in 90 minutes. High asymmetry and strong theme.,Asymmetric dice worker placement; travel the Silk Road,Alliance Game Distributors,$59.99,$47.99
87,Marco Polo II: In the Service of the Khan,Mid-Weight Strategy,,203,7.92,3.4,Standalone sequel to Marco Polo with new characters and refined rules. 2–4 in 90 minutes. Complements the original for regulars who have played it. Standalone for new players.,"Marco Polo sequel; refined mechanics, new characters",Alliance Game Distributors,$59.99,$47.99
88,Nations,Mid-Weight Strategy,,269,7.59,3.5,Players develop civilizations from Antiquity to the early 20th century. 1–5 in 40–200 minutes. Deep and variable.,Civilization card drafting through the ages,Asmodee USA Direct,$59.99,$47.99
89,Nidavellir,Mid-Weight Strategy,,254,7.55,2.1,Players recruit dwarves to build armies at a Norse tavern. 2–5 in 45 minutes. Faster than most mid-weight games with strong depth.,Viking dwarf recruitment card game; fast mid-weight,Alliance Game Distributors,$44.99,$35.99
90,Notre Dame,Mid-Weight Strategy,,462,7.31,2.7,Players develop their sections of Paris around Notre Dame cathedral. 2–5 players in 75 minutes. Dense game that plays quickly once learned.,Area influence with card drafting; short mid-weight,Alliance Game Distributors,$44.99,$35.99
91,Orléans,Mid-Weight Strategy,,36,8.05,3.0,Players draw workers from a bag to take actions. Clean bag-building implementation. Plays 2–4 in 90 minutes. High replayability.,Bag-building economic game; medieval France,Alliance Game Distributors,$59.99,$47.99
92,Pandemic Legacy: Season 0,Mid-Weight Strategy,,59,8.34,3.2,Players are Cold War spies preventing a global conspiracy. 2–4 in 60 minutes. Distinct from base Pandemic — covert travel and disguises replace disease cubes. Strong thematic differentiation.,Cold War spy Pandemic; completely new theme,Asmodee USA Direct,$44.99,$35.99
93,Planet Unknown,Mid-Weight Strategy,,168,7.76,2.2,Players simultaneously place tiles on personal planet boards from a shared spinner. 1–6 in 60–80 minutes. Simultaneous play eliminates downtime.,Simultaneous polyomino planet terraforming,Alliance Game Distributors,$64.99,$51.99
94,Puerto Rico,Mid-Weight Strategy,,55,7.90,3.3,One of the most-acclaimed games of all time. Role selection and plantation management in 90 minutes for 3–5. Essential historical hobbyist title.,Classic role-selection plantation management,Alliance Game Distributors,$44.99,$36.99
95,Ra,Mid-Weight Strategy,,117,7.71,2.3,Players bid lots in Egyptian auctions with limited tokens. 3–5 in 45–60 minutes. Reiner Knizia's auction masterpiece.,Ancient Egypt auction; elegant and brutal,Alliance Game Distributors,$44.99,$36.99
96,Raiders of Scythia,Mid-Weight Strategy,,398,7.69,2.8,Companion to Raiders of the North Sea set in ancient Scythia. Plays 2–4 in 60–90 minutes. Good alternative if players want a different map and faction.,Scythian-era Raiders of the North Sea companion,Alliance Game Distributors,$54.99,$43.99
97,Raiders of the North Sea,Mid-Weight Strategy,,134,7.72,2.6,Players recruit crew and raid settlements for rewards. Plays 2–4 in 60–80 minutes. Highly thematic and visually compelling.,Viking raiding worker placement; visceral theme,Alliance Game Distributors,$54.99,$43.99
98,Roll for the Galaxy,Mid-Weight Strategy,,171,7.56,2.8,Uses dice to power phases rather than card iconography — much more accessible than Race for the Galaxy. Plays 2–5 in 45 minutes.,Dice-driven galaxy building; Race for the Galaxy accessible version,Alliance Game Distributors,$59.99,$47.99
99,Root,Mid-Weight Strategy,,34,8.07,3.8,Each faction plays completely differently. Plays 2–4 in 60–90 minutes. Generates passionate discussion and repeat visits to try new factions.,Asymmetric woodland warfare; sophisticated design,Alliance Game Distributors,$60.00,$47.99
100,Scythe,Mid-Weight Strategy,,26,8.10,3.5,One of the most visually striking games ever published. Plays 1–5 in 90–115 minutes. Staff-teachable in 20 minutes. Brings hobbyists in specifically to play it.,Area control with diesel-punk art; prestige title,Alliance Game Distributors,$80.00,$62.99
101,Seasons,Mid-Weight Strategy,,349,7.33,2.8,Players draft dice to summon creatures across four seasons. 2–4 players in 60–80 minutes. Very attractive production values.,Magical dice-drafting card game; beautiful art,Asmodee USA Direct,$54.99,$43.99
102,Shadows Over Camelot,Mid-Weight Strategy,,591,7.10,2.6,Players quest together while one may be a traitor. Plays 3–7 in 60–90 minutes. One of the original semi-cooperative designs.,Semi-cooperative Arthurian adventure; traitor possible,Asmodee USA Direct,$59.99,$47.99
103,Steampunk Rally,Mid-Weight Strategy,,907,7.13,2.6,Players build machines from cards and channel dice as energy. Plays 2–8 in 45–75 minutes. The simultaneous building phase is unique.,Dice-channeling machine-building race,Alliance Game Distributors,$49.99,$39.99
104,Stone Age,Mid-Weight Strategy,,187,7.51,2.5,Dice-based worker placement in a cave-person setting. Plays 2–4 in 60–90 minutes. The most accessible gateway into genuine mid-weight strategy.,Prehistoric worker placement; most approachable mid-weight,Asmodee USA Direct,$49.99,$39.99
105,Suburbia,Mid-Weight Strategy,,247,7.46,2.8,"Players build suburbs by placing hex tiles, managing income and reputation. 1–4 in 60–90 minutes. Deep economic simulation in an accessible theme.",Hex tile city building; economic simulation,Alliance Game Distributors,$59.99,$47.99
106,Tapestry,Mid-Weight Strategy,,295,7.44,3.0,"Players advance civilizations across science, technology, exploration, and military tracks. 1–5 in 60–120 minutes. Controversial but compelling.",Civilization building with stunning components,Alliance Game Distributors,$99.00,$79.99
107,Terra Mystica,Mid-Weight Strategy,,35,8.03,4.0,14 asymmetric factions transform terrain in a shared world. 2–5 in 60–150 minutes. Complex but deeply rewarding. Hobbyist benchmark.,Faction-building terraforming strategy; deep and asymmetric,Asmodee USA Direct,$79.99,$63.99
108,Terraforming Mars,Mid-Weight Strategy,,9,8.34,3.3,"1–5 players, 90–120 minutes. The quintessential mid-weight engine builder. Every serious hobbyist knows it. Signals that Merry Meeple takes gaming seriously.",Deep engine building; hobbyist icon,Alliance Game Distributors,$69.99,$55.99
109,The Castles of Burgundy,Mid-Weight Strategy,,15,8.16,3.0,Players select and place estate tiles across dozens of hex boards. 2–4 in 30–90 minutes. One of the highest-rated games ever. Dice-placement accessible to gateway players stepping up.,Dice-placement tile drafting; most replayable mid-weight,Alliance Game Distributors,$49.99,$39.99
110,The Estates,Mid-Weight Strategy,,825,7.42,2.3,Players bid on building pieces to score the winning district — while potentially sabotaging each other's scores. Plays 2–5 in 40–60 minutes.,Cutthroat auction city building; betrayal possible,Alliance Game Distributors,$59.99,$47.99
111,Through the Desert,Mid-Weight Strategy,,537,7.19,2.2,Players chain camels across the desert to enclose oases and sections. 2–5 in 30–60 minutes. Reiner Knizia abstract at its most accessible.,Abstract camel-caravan area control; elegant,Asmodee USA Direct,$34.99,$27.99
112,Troyes,Mid-Weight Strategy,,139,7.70,3.4,Players buy and allocate dice to build in medieval Troyes. 2–4 in 90 minutes. High complexity ceiling loved by serious hobbyists.,Dice allocation medieval cathedral building,Alliance Game Distributors,$59.99,$47.99
113,Tzolk'in: The Mayan Calendar,Mid-Weight Strategy,,72,7.85,3.7,Workers placed on rotating gears gain power over time. Plays 2–4 in 90 minutes. The physical gears mechanism is a café table attraction.,Interlocking gear worker placement; visually unique,Alliance Game Distributors,$59.99,$47.99
114,Undaunted: Stalingrad,Mid-Weight Strategy,,719,8.54,2.7,Campaign version of Undaunted with permanent consequences across scenarios. 2 players. Encourages return visits for dedicated pairs.,Campaign Undaunted; persistent WWII narrative,Alliance Game Distributors,$44.99,$35.99
115,Village,Mid-Weight Strategy,,246,7.48,3.1,"Players build a village across generations, recording deceased villagers in a chronicle. Plays 2–4 in 60–90 minutes. Spiel des Jahres winner.",Generational legacy without legacy destruction,Alliance Game Distributors,$49.99,$39.99
116,Viscounts of the West Kingdom,Mid-Weight Strategy,,196,7.80,3.5,Completes the West Kingdom trilogy. Hand management drives worker placement decisions. Plays 1–4 in 60–90 minutes.,Deck-building worker placement combo; third in trilogy,Alliance Game Distributors,$54.99,$43.99
117,Viticulture,Mid-Weight Strategy,,317,7.47,3.0,Elegant worker placement with a winery theme that resonates with the beer/wine license. Plays 2–6 in 45–90 minutes. Strong aesthetic alignment.,Worker placement in a Tuscan winery; thematic fit,Alliance Game Distributors,$60.00,$47.99
118,Wingspan,Mid-Weight Strategy,,38,8.00,2.5,"One of the best-selling hobby games of the past five years. Plays 1–5 in 40–70 minutes. Beautiful components, genuine crossover appeal beyond the typical gamer demographic.",Engine-building with ornithology; crossover hit,Alliance Game Distributors,$60.00,$49.99
119,Wingspan: Asia,Mid-Weight Strategy,,88,8.22,2.6,Adds a two-player competitive mode and solo mode alongside new Asian birds. Plays standalone or combined. Strong repeat-visit title.,Standalone Wingspan expansion; 1–2 player focus,Alliance Game Distributors,$55.00,$44.99
120,Yokohama,Mid-Weight Strategy,,155,7.79,3.3,Players build trading networks through Yokohama using president and assistant workers. 2–4 in 90 minutes. Deep and thematic.,Japanese port city building; assistant workers,Alliance Game Distributors,$59.99,$47.99
121,Azul: Queen's Garden,Family,,667,7.44,2.9,Players tile a royal garden with greater strategic depth than base Azul. 2–4 in 45–60 minutes. Good step up for Azul regulars who want more challenge without leaving the gateway weight.,Third Azul variant; most complex of the three,Alliance Game Distributors,$39.99,$32.99
122,Azul: Stained Glass of Sintra,Family,,509,7.28,2.0,Adds panel cards that change what colors score each game. Greater variability than base Azul. Offers returning Azul fans a new challenge.,Azul variant with panel-based scoring,Alliance Game Distributors,$44.99,$36.99
123,Blokus,Family,,892,6.86,1.7,Players place Tetris-like pieces corner-to-corner. Plays 2–4 in 20 minutes. Complete language barrier elimination — spatial only.,Abstract spatial game; universally accessible,Alliance Game Distributors,$29.99,$23.99
124,Bunny Kingdom,Family,,381,7.41,2.3,Players draft cards to conquer territory and build cities. Accessible area control for players not ready for Root or Scythe. Plays 2–4 in 45–75 minutes.,Area control with card drafting; accessible conquest,Alliance Game Distributors,$59.99,$47.99
125,Camel Up,Family,,639,7.03,1.5,Players bet on camel races while placing camels that stack and carry each other. Completely chaotic and hilarious. Plays 3–8 in 20–30 minutes.,Camel racing betting game; pure chaos,Alliance Game Distributors,$39.99,$32.99
126,Catan,Family,,615,7.09,2.3,"The game that introduced millions to modern board gaming. 3–4 players, 60–120 minutes. Essential for any café claiming to be a game café.",Resource-trading landmark; broadest mainstream recognition,Asmodee USA Direct,$55.00,$44.99
127,Catan: Cities & Knights,Family,,,,,Adds barbarian invasions and commodity chains to Catan. For groups who've played base Catan and want more. Plays 3–4.,Expanded Catan with armies and commodities,Asmodee USA Direct,$55.00,$44.99
128,Clue,Family,,,,,Deduction game with near-universal brand recognition. Plays 3–6 in 45 minutes. The comfort-choice for visitors unsure what to play.,Classic deduction mystery; every visitor knows it,Alliance Game Distributors,$24.99,$19.99
129,Deep Sea Adventure,Family,,929,6.87,1.2,Players share oxygen diving for treasure. Take too much and everyone drowns. Plays 2–6 in 30 minutes. Elegant and brutal in the best way.,Push-your-luck scuba diving by Oink Games,Publisher Direct,$19.99,$15.99
130,Disney Villainous,Family,,,,,Each player controls a Disney villain with completely unique objectives. Plays 2–6 in 40–80 minutes. Draws non-gamers with IP recognition.,Asymmetric Disney villains; strong IP recognition,Alliance Game Distributors,$44.99,$36.99
131,Downforce,Family,,508,7.26,1.7,"Players bid on cars, then race them while betting on outcomes. Strong social dynamic. Plays 2–6 in 20–40 minutes.",Car racing with bidding and betting; elegant,Alliance Game Distributors,$49.99,$39.99
132,Dungeon Mayhem,Family,,,,,Fast card combat between D&D character classes. Teaches character archetypes engagingly. Plays 2–4 in 10 minutes.,D&D quick card battler; teaches D&D classes,Alliance Game Distributors,$14.99,$11.99
133,Everdell,Family,,42,7.98,2.8,Charming critter-city-building with a whimsical aesthetic aligning with Merry Meeple's identity. Plays 1–4 in 40–80 minutes. Strong hobbyist crossover.,Worker placement with stunning art; Dark Academia fit,Alliance Game Distributors,$60.00,$48.99
134,Flamme Rouge,Family,,288,7.48,1.7,Players manage two cyclists using hand management. Slipstreaming mechanic is elegant and intuitive. Plays 2–4 in 30–45 minutes.,Cycling race with hand management; quick to teach,Alliance Game Distributors,$44.99,$36.99
135,Forbidden Sky,Family,,,,,Players rescue each other and build a rocket circuit in a storm. Plays 2–5 in 60 minutes. Slightly more complex than Forbidden Island.,Cooperative circuit-building thunderstorm game,Alliance Game Distributors,$29.99,$23.99
136,Formula D,Family,,767,6.99,2.0,Players race F1 cars using gear-specific dice. Managing speed through corners creates genuine tension. Plays 2–10 in 60 minutes.,Formula 1 dice racing; deeply thematic,Asmodee USA Direct,$59.99,$47.99
137,Galaxy Trucker,Family,,315,7.32,2.3,"Players simultaneously grab tiles to build ships, then watch them fall apart in space. Plays 2–4 in 45–75 minutes. High chaos, high laughter.",Chaotic ship-building race; ridiculous fun,Asmodee USA Direct,$59.99,$47.99
138,Ingenious,Family,,632,7.09,1.9,Players place domino-style tiles and score the color they're weakest in. Plays 1–4 in 45 minutes. Deep without feeling heavy.,"Abstract color-connection tile game; six colors, one score",Asmodee USA Direct,$39.99,$31.99
139,Karuba,Family,,664,7.16,1.4,Players receive identical tile sets and independently race explorers to temples. Simultaneous play with no interaction. Plays 2–4 in 30–40 minutes.,Tile-placement jungle racing game; puzzle feel,Alliance Game Distributors,$34.99,$27.99
140,King of New York,Family,★,997,6.86,1.9,King of Tokyo with a New York board adding neighborhoods and military threats. Plays 2–6 in 40 minutes. Stronger at higher player counts.,Monster-city destruction game; King of Tokyo expansion,Alliance Game Distributors,$44.99,$35.99
141,Labyrinth,Family,,,,,Players slide maze corridors to reach treasures. Classic Ravensburger title. Plays 2–4 in 20–30 minutes. Works for any age.,Sliding maze classic; strategy for all ages,Alliance Game Distributors,$24.99,$19.99
142,Lanterns: The Harvest Festival,Family,,,,,"Players place tiles on a lake, trading lantern cards for points. Very low-conflict. Plays 2–4 in 25 minutes. Excellent aesthetic.",Tile-placing lantern festival; serene and beautiful,Alliance Game Distributors,$34.99,$27.99
143,Love Letter,Family,,366,7.23,1.2,16-card deduction game. Teaches in 2 minutes. Plays 2–6 in 10–15 minutes. Multiple theme versions available. Excellent session starter.,Micro card game; perfect session opener,Asmodee USA Direct,$14.99,$11.99
144,Marvel United,Family,,334,7.54,1.8,Players fight Marvel villains with hero abilities. Plays 1–4 in 30–40 minutes. Strong casual draw from Marvel IP.,Cooperative superhero card game; strong IP hook,Alliance Game Distributors,$44.99,$36.99
145,Mysterium Kids: Captain Echo's Treasure,Family,,,,,Cooperative ghost communication game designed for ages 6+. Plays 2–6. Bridges the Kids and Family categories for mixed-age groups.,Child-accessible cooperative ghost game,Asmodee USA Direct,$24.99,$19.99
146,New York 1901,Family,★,,,,2–4 in 45–60 minutes. Players develop Manhattan skyscraper plots in early-20th-century New York. Beautiful period art and an explicit NYC setting. Weight ~2.2 — very accessible.,Turn-of-century Manhattan real estate development,Alliance Game Distributors,$39.99,$31.99
147,New York Zoo,Family,★,925,7.00,2.0,"BGG rank #925, rating 6.69, weight 2.0. 2–5 in 30–45 minutes. Players build a zoo on an NYC map. Light polyomino placement with an explicit New York setting.",Tile placement zoo building in NYC; BGG rank #925,Alliance Game Distributors,$44.99,$35.99
148,Parks,Family,,175,7.62,2.1,Players hike trails collecting resources to visit national parks. Stunning art from 59 Parks print series. Plays 1–5 in 40–70 minutes.,National parks trail hiking game; gorgeous artwork,Alliance Game Distributors,$44.99,$36.99
149,Photosynthesis,Family,,803,6.93,2.3,"Players grow trees through a day cycle, casting shadows on opponents. Teaches area control gently. Plays 2–4 in 30–60 minutes. The board is beautiful.",Tree-growing area control; stunning visual design,Alliance Game Distributors,$44.99,$36.99
150,Planet,Family,,,,,Players claim magnetic pentagon tiles to attract animals to their planet. Completely tactile. Plays 2–4 in 30 minutes. Visually stunning on a table.,Magnetic tile placement; builds a 3D world,Alliance Game Distributors,$39.99,$31.99
151,Potion Explosion,Family,,593,7.12,1.8,"Players pull ingredients from a marble dispenser, triggering chain reactions. Plays 2–4 in 30–45 minutes. The physical dispenser is a table attraction.",Marble-dispensing puzzle game; tactile and satisfying,Alliance Game Distributors,$44.99,$36.99
152,Scotland Yard,Family,,,,,One player is Mr. X evading Scotland Yard detectives on a London map. Classic asymmetric deduction. Plays 3–6 in 45 minutes.,Cooperative deduction chase through London,Alliance Game Distributors,$49.99,$39.99
153,Space Base,Family,,224,7.54,2.1,Players build ship fleets that activate on everyone's dice rolls — no downtime between turns. Plays 2–5 in 60 minutes.,Dice-activation ship tableau builder,Alliance Game Distributors,$44.99,$36.99
154,That's Pretty Clever!,Family,,204,7.55,1.9,"Players choose dice to fill color-coded scoring grids. Quick to teach, scales well, and satisfying to complete. Plays 1–4 in 30 minutes.",Dice-selection scoring puzzle; deep roll-and-write,Alliance Game Distributors,$19.99,$15.99
155,N.Y. Chase,Family,★,,,,3–6 in 45 minutes. Players hunt Mr. X across an NYC transit map. Family deduction game with an explicit New York setting. Good follow-up for Scotland Yard fans.,Scotland Yard set in New York City,Alliance Game Distributors,$34.99,$27.99
156,The Quest for El Dorado,Family,,122,7.72,1.9,Players build decks to race through a jungle. Teaches deck-building mechanics in an accessible race format. Plays 2–4 in 30–60 minutes.,Deck-building race game; teaches deck construction,Alliance Game Distributors,$39.99,$31.99
157,"Unmatched: Battle of Legends, Volume One",Family,,,,,Each hero plays completely differently in tactical duels. Plays 2–4 in 20–40 minutes. Strong casual and hobbyist crossover.,Asymmetric card-combat dueling; iconic characters,Alliance Game Distributors,$39.99,$31.99
158,7 Wonders,Gateway Strategy,,115,7.66,2.3,Simultaneous card selection eliminates downtime completely. Teaches drafting mechanics. One of the most-awarded games ever made. Essential.,Card drafting for 2–7; no downtime ever,Asmodee USA Direct,$59.99,$47.99
159,7 Wonders Architects,Gateway Strategy,,810,7.03,1.4,Card-collecting wonder-building in 25 minutes for 2–7. Removes complexity while keeping the simultaneous draft spirit. Strong gateway title.,Simplified 7 Wonders for any experience level,Asmodee USA Direct,$39.99,$31.99
160,Azul,Gateway Strategy,,97,7.72,1.8,"Pattern-drafting game that feels like a puzzle. Zero reading required, teaches in under 5 minutes, plays 2–4 in 30–45 minutes. Award-winning design.",Abstract tile-placement; museum-quality components,Alliance Game Distributors,$39.99,$32.99
161,Azul: Summer Pavilion,Gateway Strategy,,240,7.57,2.1,Offers returning Azul players a new challenge without losing the accessible core. Good for regulars who've mastered the original.,Star-pattern Azul variant; slightly more complex,Alliance Game Distributors,$39.99,$32.99
162,Between Two Cities,Gateway Strategy,,895,6.97,1.8,You share cities with both neighbors simultaneously. Plays 3–7 in 20 minutes. Unusual social dynamic makes it a great talking point.,Collaborative-competitive city building with neighbors,Alliance Game Distributors,$44.99,$35.99
163,Carcassonne,Gateway Strategy,,239,7.42,1.9,"30-minute plays, zero setup anxiety, scales beautifully from 2–5. Teaches spatial reasoning without numbers or cards. One of the best games for a first visit.",Tile-placement classic; zero setup anxiety,Asmodee USA Direct,$39.99,$32.00
164,Cartographers,Gateway Strategy,,179,7.56,1.9,Players draw kingdom maps from randomly dealt cards. Competitive yet non-confrontational. Plays 1–100 simultaneously. Beautiful.,Map-drawing roll-and-write; solo-friendly,Alliance Game Distributors,$24.99,$19.99
165,Cascadia,Gateway Strategy,,60,7.89,1.8,"Accessible, low-conflict, and solitaire-capable. Spiel des Jahres winner 2022. Strong fit for solo visitors, couples, and quiet afternoon dayparts.",Pacific-Northwest tile and token placement; calm and beautiful,Alliance Game Distributors,$39.99,$32.99
166,Catan: Junior,Gateway Strategy,,,,,Simplified Catan mechanics with a pirate theme. Bridges the Kids and Gateway categories. Plays 2–4. Excellent for families with older children.,Pirate-themed Catan for ages 6+; family gateway,Asmodee USA Direct,$39.99,$31.99
167,Century: Spice Road,Gateway Strategy,,383,7.29,1.8,Players build spice-converting card chains to fulfill orders. Teaches engine-building in a visually beautiful package. Plays 2–5 in 30–45 minutes.,Spice-trading engine builder; gorgeous components,Alliance Game Distributors,$44.99,$36.99
168,Ecosystem,Gateway Strategy,,,,,Players draft animal and habitat cards to build a functional ecosystem. Scores adjacency patterns. Plays 2–6 in 20 minutes.,Card-drafting nature tableau; educational and beautiful,Alliance Game Distributors,$19.99,$15.99
169,Gizmos,Gateway Strategy,,414,7.36,2.1,The marble dispenser creates real physical delight. Players chain gizmo abilities in satisfying combos. Plays 2–4 in 40–50 minutes.,Marble dispenser engine-builder; tactile and visual,Alliance Game Distributors,$44.99,$36.99
170,Herbaceous,Gateway Strategy,,,,,"Players collect herbs and pot them for points. Plays 1–4 in 20 minutes. Quiet, satisfying, and very easy to teach.",Herb-collecting garden game; quick and calming,Alliance Game Distributors,$19.99,$15.99
171,Imhotep,Gateway Strategy,,617,7.12,2.0,Players load and sail boats to different build sites. Simple mechanic with genuine interaction. Plays 2–4 in 40 minutes.,Ancient Egypt building; push-others-around boat loading,Alliance Game Distributors,$44.99,$36.99
172,Incan Gold,Gateway Strategy,,,,,"Players press their luck in a temple, deciding when to retreat with gems. Plays 3–8 in 20 minutes. Clean push-your-luck design for any experience level.",Push-your-luck temple exploration for groups,Asmodee USA Direct,$24.99,$19.99
173,Kingdomino,Gateway Strategy,,329,7.29,1.2,"Spiel des Jahres winner. Extremely fast to teach, excellent table-turn efficiency. Best gateway for families or first-timers who want structure.",Dominoes-style tile drafting; 15-minute rounds,Alliance Game Distributors,$24.99,$19.99
174,Kingdomino Origins,Gateway Strategy,,,,,Adds resource management and tribes to the Kingdomino formula. Plays 2–4 in 25 minutes. Good bridge between Family and Gateway Strategy.,Prehistoric Kingdomino variant with fire and mammoths,Alliance Game Distributors,$39.99,$32.99
175,Manhattan,Gateway Strategy,★,,,,2–4 in 45 minutes. Players build and claim skyscrapers across a Manhattan grid. Classic award-winning design with a direct NYC theme. Bridges gateway and family categories.,Spiel des Jahres 1994; skyscraper building in Manhattan,Alliance Game Distributors,$34.99,$27.99
176,My City,Gateway Strategy,,267,7.58,2.0,A legacy game that permanently evolves across 24 sessions. Component wear is narrative rather than destructive. Plays 2–4. Gentlest legacy format available.,Legacy city-building for families; gentle campaign,Alliance Game Distributors,$44.99,$35.99
177,New York Slice,Gateway Strategy,★,,,,2–6 in 30 minutes. Players divide and choose pizza slices in an NYC pizzeria setting. Weight ~1.4 — zero explanation barrier. NYC theme with strong visual table presence.,NYC pizza-dividing game; lightweight and thematic,Alliance Game Distributors,$24.99,$19.99
178,On Tour,Gateway Strategy,,,,,Players plan a music tour across the US and Europe using dice rolls. Plays 1–2 cooperatively or any group size simultaneously. 20 minutes.,Roll-and-write music tour planning; creative and accessible,Alliance Game Distributors,$34.99,$27.99
179,Pandemic: Hot Zone – North America,Gateway Strategy,,,,,Trimmed to the essentials for 2–4 players in 30 minutes. Best first cooperative game for visitors who find the original Pandemic daunting.,30-minute Pandemic; entry-level cooperative strategy,Asmodee USA Direct,$19.99,$15.99
180,Pandemic: Rapid Response,Gateway Strategy,,,,,Dice-rolling real-time version of Pandemic in 15 minutes. Frenetic but simple. Great for groups who want a different cooperative experience.,Real-time cooperative Pandemic variant; 15 minutes,Asmodee USA Direct,$34.99,$27.99
181,Point Salad,Gateway Strategy,,597,7.09,1.2,Every card is both a vegetable and a scoring condition. Players decide what to score as they draft. Plays 2–6 in 15–30 minutes.,Card drafting with flexible scoring; lowest-stakes strategy,Alliance Game Distributors,$14.99,$11.99
182,QE,Gateway Strategy,,614,7.33,1.6,Players bid unlimited money — but the highest total bidder loses everything. Produces genuine economic discussion. Plays 3–5 in 45 minutes.,Unlimited bidding economic game; teaches economics,Alliance Game Distributors,$34.99,$27.99
183,Railroad Ink: Deep Blue Edition,Gateway Strategy,,,,,Players draw routes on personal boards from shared dice rolls. Simultaneous play means zero downtime. Multiple theme variants.,Roll-and-write network building; simultaneous play,Alliance Game Distributors,$24.99,$19.99
184,Reef,Gateway Strategy,,914,7.00,1.8,"Players grow coral reefs by placing tiles and scoring patterns. Simple rules, spatial thinking, beautiful components. Plays 2–4 in 30–45 minutes.",Pattern-building coral reef game; visual and accessible,Alliance Game Distributors,$44.99,$36.99
185,Sagrada,Gateway Strategy,,223,7.47,1.9,Players draft dice to fill stained glass window patterns. The color and visual impact on the table is spectacular. Plays 1–4 in 30–45 minutes.,Dice-drafting stained glass windows; beautiful table presence,Alliance Game Distributors,$44.99,$36.99
186,Santorini,Gateway Strategy,,308,7.33,1.7,Beautiful 3D building game on a Greek island grid. Plays 2–4 in 20 minutes. The sculptural board is a visual centerpiece.,Abstract two-player strategy with god powers,Alliance Game Distributors,$34.99,$27.99
187,Splendor,Gateway Strategy,,243,7.42,1.8,"Token-collecting, card-purchasing loop is intuitive for non-hobbyists. Beautiful components hold up in a café environment. Excellent table-turn efficiency.",Engine-building in 30 minutes; teaches resource loops,Asmodee USA Direct,$44.99,$35.99
188,Startups,Gateway Strategy,,884,7.18,1.6,"Players invest in companies over 3 rounds. Elegant, 20 minutes, plays 3–6. Great lighter option to break up a session.",Minimal investment card game by Oink Games,Publisher Direct,$19.99,$15.99
189,The Crew: The Quest for Planet Nine,Gateway Strategy,,92,7.76,2.0,Mission-based cooperative trick-taker that teaches card mechanics through a sci-fi narrative. Plays 2–5 in 20 minutes. Spiel des Jahres winner.,Cooperative trick-taking; teaches card games to non-gamers,Alliance Game Distributors,$14.99,$11.99
190,Ticket to Ride,Gateway Strategy,,256,7.39,1.8,"The single most important title in any café library. Set collection and route-building teaches in 10 minutes, plays 2–5 in 45–75 minutes. Universally recognized.",The definitive gateway strategy game,Asmodee USA Direct,$54.99,$44.99
191,Ticket to Ride: Europe,Gateway Strategy,,178,7.52,1.9,Widely considered the best Ticket to Ride map. Adds tunnels and ferries for more decision-making without additional complexity. Stock alongside the original.,Superior map with tunnels and ferries; best Ticket to Ride,Asmodee USA Direct,$54.99,$44.99
192,Ticket to Ride: New York,Gateway Strategy,★,,,,Designed for 2–4 players in 10–15 minutes. Fastest Ticket to Ride on the shelf — essential for busy weekends and smaller groups.,30-minute Ticket to Ride; fastest teaches,Asmodee USA Direct,$29.99,$23.99
193,Tiny Towns,Gateway Strategy,,518,7.18,2.1,Players arrange resources in a 4×4 grid to build town buildings. Competitive yet solitary. Plays 1–6 in 45–60 minutes.,Grid-based building puzzle; clever constraints,Alliance Game Distributors,$39.99,$31.99
194,Unearth,Gateway Strategy,,,,,Players roll dice to claim ruins and build wonders. Simple placement decisions with genuine tension. Plays 2–4 in 45 minutes.,Dice-placement ruin exploration; ethereal art,Alliance Game Distributors,$39.99,$31.99
195,Welcome To...,Gateway Strategy,,210,7.51,1.8,"Players build a neighborhood from flipped card combinations. No player elimination, works for any number simultaneously. 30–45 minutes.",Flip-and-write city building; plays any group size,Alliance Game Distributors,$34.99,$27.99
196,Arkham Horror: 3rd Edition,Cooperative,,353,7.68,3.4,Updated app-free Arkham Horror with modular board. Plays 1–6. Complements the LCG for groups who want a board game Lovecraft experience.,Fully revised cooperative Arkham board game,Asmodee USA Direct,$69.99,$54.99
197,Burgle Bros.,Cooperative,,415,7.40,2.3,Players rob a building floor by floor while evading guards. 1–4 in 45–90 minutes. Unique spatial heist design with very satisfying tension.,Cooperative heist; elegant and tense,Publisher Direct,$49.99,$44.99
198,Castle Panic,Cooperative,,,,,Defend a castle from monster waves. Simple to teach. Plays 1–6 in 45–60 minutes. Strong gateway cooperative game.,Tower defense cooperative; very accessible theme,Alliance Game Distributors,$34.99,$27.99
199,Chronicles of Crime,Cooperative,,342,7.53,2.1,Players solve crimes using cards and an app that scans evidence. Plays 1–4 in 60–90 minutes. Different experience from other cooperative games.,App-driven crime investigation; QR-code clues,Alliance Game Distributors,$44.99,$35.99
200,Clank!: Expeditions – Gold and Silk,Cooperative,,,,,Adds cooperative and solitaire modes to the Clank! deck-builder. Plays 1–4. Extends Clank!'s replayability significantly.,Solo/cooperative Clank! dungeon expansion,Alliance Game Distributors,$29.99,$23.99
201,Dead Men Tell No Tales,Cooperative,,,,,Players raid a burning ship for treasure while fighting skeletons. Plays 2–5. Very thematic with strong escalating tension.,Pirate ship-raiding cooperative; high drama,Alliance Game Distributors,$59.99,$47.99
202,Elder Sign,Cooperative,,788,6.97,2.3,Plays 1–8 in 60–90 minutes. Faster and lighter than Arkham Horror. Good entry point for the Cthulhu/Arkham universe.,Dice-driven Arkham cooperative; fast Cthulhu,Asmodee USA Direct,$34.99,$27.99
203,Flashpoint: Fire Rescue,Cooperative,,536,7.14,2.2,Players cooperate to rescue civilians from a burning building. 2–6 in 45 minutes. Very intuitive theme with genuine tactical decisions.,Firefighting cooperative; tactical and tense,Alliance Game Distributors,$34.99,$27.99
204,Forbidden Desert,Cooperative,,601,7.06,2.0,Players excavate a desert to find flying machine parts. Harder and more variable than Forbidden Island. Good next step for cooperative learners.,More complex Forbidden Island; excavation theme,Alliance Game Distributors,$19.99,$15.99
205,Forbidden Island,Cooperative,,,,,The best entry-level cooperative game. 2–4 in 30 minutes. Teaches cooperative logic in an accessible sinking-island format. Stock multiple copies.,"Entry-level co-op; 30 minutes, teaches cooperation",Alliance Game Distributors,$17.99,$14.99
206,Forgotten Waters,Cooperative,,357,7.74,2.1,App-narrated pirate adventure with rich storytelling. Plays 3–7. The app narration creates a cinematic experience. Good for larger cooperative groups.,Pirate story cooperative with app narration,Alliance Game Distributors,$69.99,$55.99
207,Hanabi,Cooperative,,595,7.03,1.7,2–5 in 25 minutes. Players see everyone's cards but their own. Communication constraints create genuine cooperative tension. Spiel des Jahres 2013. Compact and very durable for café use.,Reverse-hand cooperative card game; Spiel des Jahres winner,Alliance Game Distributors,$14.99,$11.99
208,Harry Potter: Hogwarts Battle,Cooperative,,441,7.34,2.1,Unlocks new mechanics across 7 games. Strong IP draw. Plays 2–4 in 30–60 minutes. Good for regular groups who want a narrative progression.,Progressive cooperative with IP recognition,Alliance Game Distributors,$49.99,$39.99
209,Horrified,Cooperative,,241,7.59,2.0,Players cooperatively defeat Universal Monsters including Dracula and the Wolfman. 1–5 in 60 minutes. Strong IP recognition.,Universal Monsters cooperative; IP accessibility,Alliance Game Distributors,$39.99,$31.99
210,Magic Maze,Cooperative,,787,6.94,1.7,Players control pawns on a shared maze using specific directional actions — in real-time and silence. 1–8 in 15 minutes. Nothing else like it.,Real-time silent cooperative; absolutely unique,Asmodee USA Direct,$34.99,$27.99
211,Marvel Champions: The Card Game,Cooperative,,48,8.10,3.0,"BGG rank #48, rating 7.79, weight 3.0. 1–4 in 45–90 minutes. Cooperative LCG with massive Marvel IP draw. Accessible through hero recognition. Strong repeat-visit potential via expansions.",Marvel-licensed cooperative LCG; BGG rank #48,Asmodee USA Direct,$59.99,$47.99
212,Mysterium,Cooperative,,444,7.19,1.9,One player is a ghost communicating through illustrated dream cards. 2–7 in 42 minutes. Beautiful production and accessible cooperative mystery.,Ghost-communication deduction; dreamlike artwork,Asmodee USA Direct,$59.99,$47.99
213,Paleo,Cooperative,,233,7.65,2.7,Players pair up to take missions each round. Very innovative cooperative structure. 2–4 in 45–60 minutes. Spiel des Jahres winner.,Stone age survival cooperative; innovative card pairs,Alliance Game Distributors,$44.99,$35.99
214,Pandemic,Cooperative,,170,7.51,2.4,Essential if listed here — see also Family. The benchmark cooperative experience. Plays 2–4 in 45 minutes. The game most visitors expect to find.,The co-op that made co-ops mainstream,Asmodee USA Direct,$44.99,$35.99
215,Pandemic: Iberia,Cooperative,,,,,Adds historical disease research mechanics to Pandemic in a beautiful map setting. Good thematic differentiation for Pandemic enthusiasts.,Historical Pandemic set in 19th-century Iberia,Asmodee USA Direct,$44.99,$35.99
216,Pandemic: Rising Tide,Cooperative,,,,,2–4 in 45–75 minutes. Manages Dutch water levels using Pandemic mechanics. Thematically distinct from base Pandemic. Recategorized from Family.,Netherlands flood-management Pandemic variant,Asmodee USA Direct,$44.99,$35.99
217,Spirit Island,Cooperative,,11,8.34,4.1,"Plays 1–4 in 90–120 minutes. Deep asymmetric powers, infinite replayability, and a decolonization theme that sparks discussion. Hobbyist credibility essential.",Most acclaimed cooperative game of the decade,Alliance Game Distributors,$79.99,$63.99
218,Sub Terra,Cooperative,,789,7.36,2.1,Players escape a cave system while managing light and oxygen. 1–6 in 45–90 minutes. Very effective atmospheric tension.,Caving escape cooperative; real fear of the dark,Alliance Game Distributors,$44.99,$35.99
219,The Crew: Mission Deep Sea,Cooperative,,43,8.05,2.0,Fifty mission cooperative trick-taker on an ocean theme. Plays 2–5. Excellent for groups who've mastered The Quest for Planet Nine.,Trick-taking cooperative; underwater campaign,Alliance Game Distributors,$14.99,$11.99
220,The Game,Cooperative,,,,,Players cooperatively play numbered cards to descending piles — the simplest cooperative design with genuine difficulty. 1–5 in 20 minutes.,Minimalist cooperative card play; deceptively hard,Alliance Game Distributors,$14.99,$11.99
221,Unlock!: Exotic Adventures,Cooperative,,,,,App-assisted escape room in card format. Plays 1–6. Three scenarios per box. Excellent for groups who want puzzles without committing to a long game.,Escape room cooperative card game; replayable series,Asmodee USA Direct,$34.99,$27.99
222,Avalon,Social Deduction,,234,7.49,1.7,Adds Merlin (who knows the spies) and Percival roles. 5–10 in 30–45 minutes. Good complement to The Resistance for groups who want more complexity.,Arthurian Resistance with Merlin and Percival,Alliance Game Distributors,$19.99,$15.99
223,Battlestar Galactica: The Board Game,Social Deduction,,125,7.73,3.3,Players run a ship while hidden Cylons try to sabotage it. 3–6 in 120–180 minutes. The pinnacle of deep social deduction. For dedicated groups.,Deep semi-cooperative with Cylon traitors,Asmodee USA Direct,$49.99,$39.99
224,Blood on the Clocktower,Social Deduction,,69,8.36,3.0,"5–20 players, 60–120 minutes. The apex of social deduction design. Creates spectacular group events. The anchor for a dedicated Social Deduction Night. Publisher-direct only.",Best social deduction game ever designed; event anchor,Publisher Direct,$175.00,$175.00
225,Concordia,Social Deduction,,,,,Secret objectives and betrayal cards added to Catan. 3–4 in 90 minutes. Familiar format with deception layer.,Catan with hidden agendas and double-crossing,Asmodee USA Direct,$44.99,$35.99
226,Cockroach Salad,Social Deduction,,,,,Players call out vegetables — except when they shouldn't. Very fast and very chaotic. 3–8 in 15 minutes.,Real-time bluffing with vegetables,Alliance Game Distributors,$14.99,$11.99
227,Coup,Social Deduction,,715,6.98,1.4,Players claim character roles and bluff their way to last-player-standing. 2–6 in 15 minutes. Also listed in Party — the gateway to social deduction.,Bluffing with government roles; teaches deduction,Alliance Game Distributors,$14.99,$12.00
228,Dead Last,Social Deduction,,,,,Players signal alliances to gang up on targets for treasure — but the target can split the pot if they guess they're targeted. 4–12 in 20 minutes.,Simultaneous voting elimination game,Alliance Game Distributors,$29.99,$23.99
229,Deception: Murder in Hong Kong,Social Deduction,,289,7.42,1.6,The forensic scientist gives clues about the murder weapon and means. 4–12 in 20 minutes. Distinct from werewolf-style games. High-priority addition.,Murder-mystery social deduction; elegant forensic mechanic,Alliance Game Distributors,$39.99,$32.99
230,Istanbul,Social Deduction,,,,,Pure logic puzzle presented as a murder mystery. Plays 2–8. Quieter social deduction for groups who prefer logic over bluffing.,Logical deduction murder mystery; no luck,Alliance Game Distributors,$24.99,$19.99
231,Insider,Social Deduction,,,,,One player secretly knows the answer and guides the group. 4–8 in 15 minutes. Oink Games at its most subversive.,Hidden questioner guides a group quiz,Publisher Direct,$19.99,$15.99
232,Mafia de Cuba,Social Deduction,,,,,The box travels around the table — players secretly take diamonds or roles. 6–12 in 30 minutes. Very visual and physical social deduction.,Box-passing hidden role game; intuitive and physical,Asmodee USA Direct,$24.99,$19.99
233,Mysterium Park,Social Deduction,,,,,Lighter Mysterium set at a travelling fair. Dream-card communication. Plays 2–6 in 30 minutes. Cooperative social deduction feel.,Ghost-communication cooperative mystery,Asmodee USA Direct,$24.99,$19.99
234,One Night Ultimate Werewolf,Social Deduction,,679,7.03,1.4,"Plays 3–10 in under 10 minutes via app narration. No elimination, fast reset, can be replayed back-to-back. Perfect for groups looking for a quick hit.",10-minute social deduction; ideal warm-up,Alliance Game Distributors,$24.99,$19.99
235,Saboteur,Social Deduction,,,,,Good guys dig for gold while saboteurs secretly block tunnels. 3–10 in 30 minutes. Gentler introduction to hidden-role mechanics.,Hidden-role tunnel digging; accessible introduction,Alliance Game Distributors,$14.99,$11.99
236,Secret Hitler,Social Deduction,,264,7.49,1.7,"One of the most-played tabletop games ever. 5–10 players, 45–75 minutes. Easy to teach, generates intense table drama. Works for both gamers and non-gamers.",Accessible hidden-role for 5–10 players; essential,Alliance Game Distributors,$35.00,$29.99
237,Samurai,Social Deduction,,,,,Players hold secret loyalty cards while dueling with samurai actions. 3–7 in 45 minutes. Strong theme integration with social mechanics.,Hidden loyalty samurai battle card game,Alliance Game Distributors,$29.99,$23.99
238,Shadows: Amsterdam,Social Deduction,,,,,Two teams race to identify locations using gesture cards. Real-time and silent. 4–8 in 15 minutes. Very different from standard social deduction.,Real-time cooperative deduction; gesture communication,Alliance Game Distributors,$39.99,$31.99
239,Sheriff of Nottingham,Social Deduction,,609,7.05,1.7,Players try to sneak contraband past the Sheriff. 3–5 in 45–60 minutes. Lighter bluffing game accessible to non-social-deduction players.,Bluffing at a medieval market; negotiation focus,Asmodee USA Direct,$49.99,$39.99
240,Spyfall 2,Social Deduction,,,,,Expanded version with more locations and support for up to 12 players. Good complement to original Spyfall for larger groups.,Location-based social deduction; expanded Spyfall,Alliance Game Distributors,$24.99,$19.99
241,The Resistance,Social Deduction,,453,7.19,1.6,Players vote on mission teams without knowing who the spies are. 5–10 in 30 minutes. Cleaner than Werewolf with no elimination.,Team mission social deduction; streamlined format,Alliance Game Distributors,$19.99,$15.99
242,The Thing: Infection at Outpost 31,Social Deduction,,,,,Based on the John Carpenter film. Players investigate while one may be infected. 4–8 in 90 minutes. Atmospheric and tense.,Hidden traitor cooperative; claustrophobic horror,Alliance Game Distributors,$59.99,$47.99
243,Two Rooms and a Boom,Social Deduction,,,,,Two teams in separate rooms negotiate hostage exchanges. 6–30 players. The only published game reliably scaling to very large groups.,Large-group team social deduction; physically active,Alliance Game Distributors,$29.99,$24.99
244,Ultimate Werewolf,Social Deduction,,,,,The full Werewolf experience with many roles for moderator-facilitated games. 5–75 players. Infrastructure for large social deduction events.,Full werewolf with expansion roles,Alliance Game Distributors,$24.99,$19.99
245,Werewords,Social Deduction,,,,,Players ask yes/no questions to guess a magic word — while the werewolf tries to steer them wrong. 4–10 in 10 minutes.,20 Questions meets Werewolf; app-assisted,Alliance Game Distributors,$19.99,$15.99
246,Above and Below,Thematic / Adventure,,420,7.34,2.5,Players build a village above while adventurers explore underground passages read from a storybook. 2–4 in 90 minutes. Unique dual-layer structure.,Village building with underground narrative quests,Alliance Game Distributors,$59.99,$47.99
247,Aeon's End,Thematic / Adventure,,107,7.86,2.8,Players defend a city using breach mages against nemeses. 1–4 in 60–90 minutes. Deep cooperative with no shuffling mechanic.,Cooperative deck-building against breaches and nemeses,Alliance Game Distributors,$49.99,$39.99
248,Arkham Horror: The Card Game,Thematic / Adventure,,32,8.12,3.6,2–4 player cooperative LCG with a persistent narrative campaign. Encourages return visits. The definitive Lovecraft experience in card form.,Campaign LCG in the Lovecraft universe,Asmodee USA Direct,$44.99,$36.99
249,Betrayal at House on the Hill,Thematic / Adventure,,769,7.01,2.4,Horror exploration with a mid-game traitor reveal. 3–6 in 60 minutes. 50 haunts give extraordinary replayability for a single copy.,Haunted house with 50 different scenarios,Asmodee USA Direct,$49.99,$38.99
250,Dead of Winter,Thematic / Adventure,,251,7.44,3.0,Plays 2–5 in 60–120 minutes. Rich narrative crossroads events. Semi-cooperative with a possible traitor. Atmospheric and tense.,Semi-cooperative zombie survival; traitor possible,Alliance Game Distributors,$59.99,$47.99
251,Descent: Legends of the Dark,Thematic / Adventure,,482,7.89,2.7,App-assisted dungeon crawl with app narration. 1–4 in 60–100 minutes. Persistent hero progression across a connected campaign.,App-driven dungeon crawl campaign,Asmodee USA Direct,$174.99,$139.99
252,Dungeon Saga: Dwarf King's Quest,Thematic / Adventure,,,,,Accessible dungeon crawl designed for easy setup. Plays 2–5. Lower complexity than Gloomhaven — bridges casual and hobbyist dungeon-crawl players.,Beginner dungeon crawl; fast setup,Alliance Game Distributors,$59.99,$47.99
253,Dungeons & Dragons: Waterdeep Dragon Heist,Thematic / Adventure,,,,,Board game adaptation of the D&D adventure. 2–5 in 60–120 minutes. Strong IP recognition and accessible RPG-flavored adventure.,D&D campaign lite; accessible entry to RPG adventure,Alliance Game Distributors,$59.99,$47.99
254,Eldritch Horror,Thematic / Adventure,,138,7.74,3.3,Investigators travel the globe sealing gates in a Cthulhu narrative. 1–8 in 120–240 minutes. Best for scheduled longer sessions or all-day events.,Global Cthulhu investigation; massive scope,Asmodee USA Direct,$59.99,$47.99
255,Folklore: The Affliction,Thematic / Adventure,,,,,Players battle dark folklore creatures in a narrative campaign. 1–5 in 60–120 minutes. Unique dark fairy-tale aesthetic.,Dark fantasy cooperative RPG-lite adventure,Alliance Game Distributors,$74.99,$59.99
256,Gloomhaven,Thematic / Adventure,,4,8.54,3.9,1–4 in 60–150 minutes per session. Permanent campaign changes over 95 scenarios. Stocking it is a declaration of seriousness. Store separately and schedule sessions.,The most acclaimed dungeon crawl ever published,Alliance Game Distributors,$140.00,$109.99
257,Gloomhaven: Jaws of the Lion,Thematic / Adventure,,12,8.36,3.6,Streamlined entry to the Gloomhaven universe. 1–4 in 60–90 minutes. Campaign mode encourages return visits. Lower complexity than full Gloomhaven.,Accessible Gloomhaven campaign; dungeon-crawl essentials,Alliance Game Distributors,$49.99,$39.99
258,Legends of Andor,Thematic / Adventure,,673,7.08,2.8,Heroes cooperatively complete quests in the land of Andor. 2–4 in 60–90 minutes. Excellent for groups wanting cooperative narrative adventure.,Cooperative fantasy quest; storybook narrative,Alliance Game Distributors,$49.99,$39.99
259,Mansions of Madness: 2nd Ed.,Thematic / Adventure,,75,7.92,2.7,App handles narrative and monster movement. 1–5 in 120–180 minutes. Stunning cinematic experience for dedicated groups. Reserve for scheduled events.,App-driven Lovecraftian mystery; cinematic,Asmodee USA Direct,$114.99,$89.99
260,Mice and Mystics,Thematic / Adventure,,557,7.20,2.7,Players are heroes turned into mice escaping a castle. 1–4 in 60–90 minutes. Strong narrative structure and charming theme. Best for dedicated groups.,Story-driven mouse RPG; whimsical and accessible,Alliance Game Distributors,$59.99,$47.99
261,Nemesis,Thematic / Adventure,,25,8.25,3.5,Players have personal goals while cooperating against alien intruders on a spaceship. 1–5 in 90–180 minutes. The Alien movie as a board game.,Semi-cooperative alien survival horror,Alliance Game Distributors,$134.99,$109.99
262,Pandemic Legacy: Season 1,Thematic / Adventure,,3,8.50,2.8,The highest-rated cooperative game ever. The legacy experience at its finest. 2–4 players. Purchase as a scheduled event — one café copy per campaign group.,Best campaign co-op ever; consumable copy,Asmodee USA Direct,$79.99,$63.99
263,Robinson Crusoe: Adventures on the Cursed Island,Thematic / Adventure,,119,7.72,3.8,Players build shelter and gather resources on a cursed island. 1–4 in 60–120 minutes. Punishing but deeply rewarding for experienced groups.,Brutal survival cooperative; maximum narrative immersion,Alliance Game Distributors,$59.99,$47.99
264,Runebound 3rd Edition,Thematic / Adventure,,656,7.47,2.7,"Players explore a fantasy world, gain abilities, and face a central threat. 2–4 in 120 minutes. Open narrative structure rewards repeat sessions.",Open-world adventure RPG board game,Asmodee USA Direct,$79.99,$63.99
265,Sleeping Gods,Thematic / Adventure,,71,8.09,3.3,"Players captain a ship in a mysterious open world, reading from an atlas and storybook. 1–4 in 60–120 minutes. Deeply immersive narrative adventure.",Seafaring story campaign; open-world narrative,Alliance Game Distributors,$99.99,$79.99
266,Star Wars: Imperial Assault,Thematic / Adventure,,83,7.95,3.3,Campaign dungeon crawl in the Star Wars universe. 2–5 in 60–120 minutes. Strong IP draw for casual visitors. Plays in skirmish mode for quicker sessions.,Star Wars dungeon-crawl; IP recognition,Asmodee USA Direct,$84.99,$67.99
267,Sword & Sorcery,Thematic / Adventure,,,,,Heroes have souls — when they die they return. 1–5 in 60–90 minutes. Deep campaign structure with accessible dungeon combat.,Solo-friendly dungeon-crawl with soul mechanics,Alliance Game Distributors,$79.99,$63.99
268,Tainted Grail: The Fall of Avalon,Thematic / Adventure,,136,8.03,3.4,Dark retelling of Arthurian legend in solo or cooperative campaign mode. 1–4 in 90–120 minutes. Beautiful production and mature narrative.,Dark Arthurian solo/cooperative campaign,Alliance Game Distributors,$119.99,$95.99
269,Thunderstone Advance,Thematic / Adventure,,,,,Players build decks to delve dungeons in a classic dungeon-deck structure. 1–6 in 45–90 minutes. Accessible theme for Dominion players.,Dungeon deck-building with market phase,Alliance Game Distributors,$49.99,$39.99
270,A Feast for Odin,Heavy Strategy,,27,8.16,3.9,"1–4 players, 30–120 minutes per player. Enormous variety of actions producing a polyomino-driven economy. Uwe Rosenberg's largest game.",Viking exploration and resource management epic,Alliance Game Distributors,$99.99,$79.99
271,Antiquity,Heavy Strategy,,437,7.83,4.3,"2–4 players, 120–240 minutes. One of the most brutal and acclaimed heavy games ever made. Reserved for dedicated hobbyist events.",Medieval city building under extreme resource pressure,Alliance Game Distributors,$79.99,$63.99
272,Ark Nova,Heavy Strategy,,2,8.54,3.8,"BGG rank #2, rating 8.36, weight 3.8. 1–4 in 90–150 minutes. The most acclaimed game of the past three years. Its absence from a serious game café library is conspicuous.",Zoo-building engine builder; BGG rank #2 of all time,Alliance Game Distributors,$74.99,$59.99
273,Arkwright,Heavy Strategy,,850,7.79,4.6,"2–4 players, 150–240 minutes. Hardcore factory management simulation for serious economic gamers. The hardest widely available economic game.",Industrial Revolution economic simulation; hardcore,Alliance Game Distributors,$89.99,$71.99
274,Barrage,Heavy Strategy,,40,8.14,4.1,"1–4 players, 60–120 minutes. Players build and manage hydroelectric dams in an Alpine river system. Cranio Creations' most acclaimed design.",Hydroelectric dam construction; engineering strategy,Alliance Game Distributors,$79.99,$63.99
275,Brass: Birmingham,Heavy Strategy,,1,8.57,3.9,"2–4 players, 60–120 minutes. Network-building economic game in Industrial Revolution England. Owning it signals Merry Meeple is serious about the hobby.",#1 rated game on BGG; industrial hobbyist credential,Alliance Game Distributors,$64.99,$52.99
276,Dominant Species,Heavy Strategy,,113,7.80,4.0,"2–6 players, 2–4 hours. Players control species competing for ecological dominance in an ice age. Deep, confrontational, and thematic.",Ecological dominance; brutal area control,Alliance Game Distributors,$89.99,$71.99
277,Dune: Imperium – Uprising,Heavy Strategy,,5,8.70,3.5,"BGG rank #5, rating 8.23, weight 3.5. 1–6 in 60–120 minutes. Standalone sequel also combinable with base Dune: Imperium. Six-player support makes it a strong event anchor.",Standalone Dune: Imperium sequel; BGG rank #5,Alliance Game Distributors,$74.99,$59.99
278,Food Chain Magnate,Heavy Strategy,,49,8.04,4.2,"2–5 players, 2–4 hours. Ruthless fast-food empire simulation. Loved by hardcore hobbyists. High candidate for the rules assistant.",Brutal economic simulation; top hobbyist title,Alliance Game Distributors,$99.99,$79.99
279,Kanban EV,Heavy Strategy,,45,8.38,4.3,"2–4 players, 120–180 minutes. Manage an electric vehicle factory with ruthless efficiency. Designed by Vital Lacerda.",Automobile factory management; precise and punishing,Alliance Game Distributors,$89.99,$71.99
280,Mage Knight: Ultimate Edition,Heavy Strategy,,39,8.08,4.4,"1–4 players, 2–4 hours. Among the most complex and rewarding games ever made. The ultimate single-player café challenge.",Solo/cooperative RPG exploration; legendary complexity,Alliance Game Distributors,$99.99,$79.99
281,Paths of Glory,Heavy Strategy,,262,8.07,3.9,"2 players, 3–5 hours. Definitive WWI simulation. For dedicated wargamers. Signals the library serves serious historical strategy players.",WWI card-driven wargame; historical depth,Alliance Game Distributors,$59.99,$47.99
282,Pax Renaissance,Heavy Strategy,,835,7.96,4.5,"2–4 players, 90–180 minutes. Players control trading houses in the Renaissance world. Highly complex card-driven political simulation.",Renaissance political simulation; complex card interplay,Alliance Game Distributors,$79.99,$63.99
283,Spirit Island: Jagged Earth,Heavy Strategy,,,,,Adds six spirits and major mechanics expanding Spirit Island substantially. Essential for regular Spirit Island groups who want more.,Expands Spirit Island to near-infinite complexity,Alliance Game Distributors,$65.00,$51.99
284,The Gallerist,Heavy Strategy,,81,8.00,4.2,"1–4 players, 60–150 minutes. Manage an art gallery acquiring and selling art. Another Vital Lacerda masterwork for serious hobbyists.",Art gallery management; Vital Lacerda economic game,Alliance Game Distributors,$79.99,$63.99
285,Through the Ages: A New Story of Civilization,Heavy Strategy,,18,8.25,4.4,"2–4 players, 2–4 hours. One of the highest-rated games ever made. For groups ready for a full session commitment.",Civilization card game; extraordinary strategic depth,Alliance Game Distributors,$69.99,$54.99
286,Twilight Imperium 4th Edition,Heavy Strategy,,7,8.56,4.4,"3–6 players, 4–8 hours. The most ambitious board game ever published. Stocking it is a statement. Anchor for occasional epic Saturday event sessions.",Epic space opera; the ultimate prestige game,Asmodee USA Direct,$159.99,$129.99
287,Twilight Struggle,Heavy Strategy,,14,8.23,3.6,"2 players, 2–3 hours. The definitive two-player strategy game. Every serious hobbyist knows it. Schedule as an event for dedicated pairs.",Cold War card-driven game; former #1 on BGG,Alliance Game Distributors,$59.99,$47.99
288,War of the Ring: 2nd Edition,Heavy Strategy,,,,,"2–4 players, 3–5 hours. The definitive tabletop adaptation of Middle-earth. For scheduled sessions only — too long and complex for drop-in play.",Tolkien epic; definitive Lord of the Rings game,Alliance Game Distributors,$109.99,$87.99
289,Cosmic Encounter,Heavy Strategy,,38,8.00,2.5,Combines base Wingspan with all major expansions. For Wingspan enthusiasts who've mastered the base game and want everything in one box.,All-in-one Wingspan collection; serious commitment,Alliance Game Distributors,$180.00,$149.99
290,Animal upon Animal,Kids,,,,,Ages 4+. Players stack wooden animals in a balancing challenge. Develops fine motor skills. Very durable HABA components survive café use.,HABA stacking dexterity game for ages 4+,Publisher Direct,$24.99,$19.99
291,Catan Junior,Kids,,,,,Ages 6+. Simplified Catan with ghost pirates. Teaches resource trading and building. 2–4 in 30–60 minutes. The best gateway for children to Catan.,Pirate-themed Catan for ages 6+,Asmodee USA Direct,$39.99,$31.99
292,Concept Kids: Animals,Kids,,,,,Ages 4+. One player uses symbols to help others guess an animal — no words or drawing. Completely non-verbal. Plays 2–12 in 20 minutes.,Non-verbal animal guessing for ages 4+,Asmodee USA Direct,$24.99,$19.99
293,Don't Break the Ice,Kids,,,,,Ages 3+. Players tap ice blocks without letting the polar bear fall. 2–4 in 10 minutes. Brand recognition with parents. Very low rules barrier.,Classic ice-tapping dexterity game; ages 3+,Alliance Game Distributors,$14.99,$11.99
294,Dragon's Breath,Kids,,,,,Ages 5+. Players draw rings from a dragon stack to collect gem chips. Brilliant visual spectacle that attracts children immediately. HABA quality.,HABA game for ages 5+; gem-sparkling spectacle,Publisher Direct,$29.99,$23.99
295,Hoot Owl Hoot,Kids,,,,,Ages 4+. Cooperative game helping owls fly home before sunrise. Very gentle cooperative introduction for very young players. 2–4 in 15 minutes.,Cooperative owl-flying for ages 4+,Alliance Game Distributors,$19.99,$15.99
296,Monza,Kids,,,,,Ages 5+. Players race cars by matching dice colors to board spaces. 2–6 in 15 minutes. HABA quality — extremely durable. Casey-specific personal pick.,HABA racing car dice game; ages 5+,Publisher Direct,$29.99,$24.99
297,My First Orchard (HABA),Kids,,,,,Ages 2+. Cooperative fruit-harvesting against a raven. Zero competition — perfect for the youngest café visitors. HABA quality is exceptional.,Best cooperative game for ages 2+,Publisher Direct,$19.99,$16.99
298,Mysterium Kids: Captain Echo's Treasure,Kids,,,,,Ages 6+. Cooperative ghost-sound communication. Very accessible introduction to deduction and cooperative play. 2–6 in 20 minutes.,Ghost communication for ages 6+,Asmodee USA Direct,$24.99,$19.99
299,Operation,Kids,,,,,Ages 6+. Remove ailments without touching the sides. 1–6 in 20 minutes. Universally recognized. The buzz when you fail is a crowd moment.,Classic surgery dexterity game; every kid knows it,Alliance Game Distributors,$19.99,$15.99
300,Outfoxed!,Kids,,,,,"2–4 players, age 5+, 20 minutes. Kids work together to catch a fox. True cooperative mechanics in a completely accessible format. GameWright quality.",Best cooperative game for ages 5+,Alliance Game Distributors,$24.99,$19.99
301,Sleeping Queens,Kids,,,,,"2–5 players, age 5+, 20 minutes. Teaches addition and strategy in a fairy-tale wrapper. Light enough for young children, interesting enough for adults playing with them.",Card game with arithmetic for ages 5+,Alliance Game Distributors,$14.99,$12.99
302,Spot It! Kids,Kids,,,,,Ages 3+. Uses larger symbols and simpler card design than original Spot It!. Plays 2–5 in 10 minutes. Easy bridge from toddler to standard Spot It!.,Speed-matching for very young players,Asmodee USA Direct,$14.99,$11.99
303,Unicorn Glitterluck,Kids,,,,,Ages 3+. Cooperative cloud-crossing unicorn race. HABA's gentle introduction to cooperative games for very young players. No reading required.,HABA cooperative for ages 3+,Publisher Direct,$19.99,$16.99
304,7 Wonders Duel,Two-Player,,24,8.08,2.2,30–45 minute two-player adaptation of 7 Wonders. Cited by many as the best pure two-player game in the hobby. Essential for date-night visits.,Best two-player game ever designed; 30 minutes,Asmodee USA Direct,$34.99,$27.99
305,Agricola: All Creatures Big and Small,Two-Player,,451,7.33,2.4,Players develop farms without the food pressure of Agricola. 2 players in 30–45 minutes. Gentler introduction to worker placement.,Two-player farming; Agricola without the stress,Asmodee USA Direct,$39.99,$31.99
306,Battle Line,Two-Player,,330,7.41,1.9,Players form 9 flag battles using poker-hand logic. 2 players in 20–30 minutes. Classic Knizia game of risk assessment.,Ancient battle formation card game; tense,Alliance Game Distributors,$19.99,$15.99
307,Caverna: Cave vs. Cave,Two-Player,,940,7.08,2.6,Players develop cave systems in competition. 2 players in 30–40 minutes. Accessible introduction to Uwe Rosenberg's cave-farming system.,Two-player Caverna; cave development competition,Asmodee USA Direct,$39.99,$31.99
308,Codenames: Duet,Two-Player,,274,7.41,1.4,Cooperative Codenames for exactly 2. Mission-based structure creates a campaign arc. Plays 2 in 15–30 minutes. Standout two-player word game.,Cooperative two-player Codenames; missions and timer,Alliance Game Distributors,$19.99,$15.99
309,Fugitive,Two-Player,,,,,Marshal chases a fugitive through hidden card placement. 2 players in 20–30 minutes. Very tense asymmetric deduction in a small package.,Hidden number deduction chase game,Alliance Game Distributors,$19.99,$15.99
310,Hanamikoji,Two-Player,,282,7.45,1.7,Players compete for geisha favor through limited action selection. 2 players in 15 minutes. Phenomenally tense for such a simple ruleset.,Geisha favor game; pure tension in 15 minutes,Alliance Game Distributors,$19.99,$15.99
311,Hive Pocket,Two-Player,,333,7.32,2.3,Pure abstract strategy where insect tiles are placed and moved. Plays 2 in 20 minutes. Travel-sized. No board — the tiles create the game.,"Abstract insect game; no board, no luck",Alliance Game Distributors,$19.99,$15.99
312,Jaipur,Two-Player,,201,7.48,1.5,Players trade goods to fulfill profitable contracts. 2 players in 30 minutes. One of the most acclaimed two-player games. Excellent for couples and paired strangers.,Fast merchant trading game; perennial 2-player favorite,Alliance Game Distributors,$34.99,$27.99
313,Lost Cities,Two-Player,,343,7.26,1.5,Players start expeditions to earn points — but committed expeditions must perform. 2 players in 30 minutes. A Knizia classic of risk and reward.,Classic two-player expedition card game,Alliance Game Distributors,$24.99,$19.99
314,Mandala,Two-Player,,560,7.43,1.8,Players compete for colored sets in a central mandala pattern. 2 players in 30 minutes. Abstract and visually striking.,Set-collection with shared color control,Alliance Game Distributors,$29.99,$23.99
315,Mr. Jack Pocket,Two-Player,,,,,Inspector chases Jack the Ripper across Victorian London. 2 players in 20 minutes. Excellent asymmetric two-player design in a small box.,Hidden-identity investigative game; compact format,Asmodee USA Direct,$19.99,$15.99
316,Onitama,Two-Player,,356,7.34,1.7,Players move pieces using shared movement cards. 2 players in 15–20 minutes. Completely deterministic and deeply strategic. New card combinations each game.,Abstract martial arts chess variant; deterministic,Alliance Game Distributors,$29.99,$23.99
317,Patchwork,Two-Player,,146,7.58,1.6,"Tetris-like quilt-building for exactly 2 players. Teaches in 3 minutes, plays in 15–30. Perfect for couples or strangers pairing up.",Elegant quilt-building abstract; 15–30 minutes,Alliance Game Distributors,$29.99,$23.99
318,Splendor Duel,Two-Player,,112,7.88,2.0,Two-player Splendor with a shared grid and new mechanics. 2 players in 30 minutes. More tense and interactive than base Splendor.,Splendor for exactly two; deeper and more tense,Asmodee USA Direct,$34.99,$27.99
319,Star Realms,Two-Player,,174,7.55,1.9,Players build space fleets to destroy each other's authority. 2 players in 20 minutes. The best small-box deck-builder for two.,Deck-building space combat; small box,Alliance Game Distributors,$14.99,$11.99
320,The Fox in the Forest,Two-Player,,683,7.06,1.6,Trick-taking game with fairy-tale characters and special powers. 2 players in 30 minutes. The best two-player trick-taking game available.,Fairy-tale trick-taking for two,Alliance Game Distributors,$14.99,$11.99
321,Tides of Time,Two-Player,,,,,Players draft and score civilization cards across three rounds. 2 players in 20 minutes. Excellent shorter two-player option.,Civilization card drafting in 20 minutes,Alliance Game Distributors,$14.99,$11.99
322,Undaunted: Normandy,Two-Player,,180,7.77,2.3,Two-player WWII tactical combat using deck-building to represent fog of war. 2 players in 45–75 minutes. Excellent gateway to wargames.,WWII deck-building wargame; tense and accessible,Alliance Game Distributors,$34.99,$27.99
323,Bananagrams,Word / Trivia / Dex,,,,,"Zero setup, plays 1–8 in 15 minutes. High-margin game in a durable pouch. Accessible to non-gamers and great for solo visitors.",Self-contained word tile game; zero setup,Alliance Game Distributors,$14.99,$12.99
324,Bezzerwizzer,Word / Trivia / Dex,,,,,Teams answer trivia but can steal categories and exchange questions. 2–4 teams in 45–60 minutes. Strategy layer makes trivia feel fairer.,Team trivia with strategic swapping; competitive,Alliance Game Distributors,$29.99,$23.99
325,Boggle,Word / Trivia / Dex,,,,,3-minute timed word-finding. Plays any number simultaneously. Very fast turnaround. Excellent filler between longer games.,Timed word-finding in a letter grid; 3 minutes,Alliance Game Distributors,$14.99,$11.99
326,Codex Naturalis,Word / Trivia / Dex,,903,7.22,1.8,Players place illustrated manuscript cards to create a valid tableau. 2–4 in 20–40 minutes. Stunning medieval manuscript aesthetic — perfect for Dark Academia.,Illuminated manuscript card-placement game,Alliance Game Distributors,$24.99,$19.99
327,Crokinole,Word / Trivia / Dex,,46,8.07,1.2,Players flick discs toward the center hole. 2–4 in 20–30 minutes. Generates a crowd. Premium $150+ boards are worth the investment for visual appeal.,Classic disc-flicking dexterity board; crowd attraction,Publisher Direct,$159.99,$149.99
328,Dixit Jinx,Word / Trivia / Dex,,,,,Two teams race to identify Dixit cards matching a spoken word. 3–12 in 20 minutes. Leverages the Dixit art for a faster party experience.,Two-team reaction game using Dixit cards,Asmodee USA Direct,$24.99,$19.99
329,Klask,Word / Trivia / Dex,,257,7.62,1.0,"2-player magnetic game. Generates spectators and social media moments. Durable, fast to reset, visually striking.",Magnetic tabletop air hockey; crowd-draw visual,Alliance Game Distributors,$79.99,$64.99
330,Letter Tycoon,Word / Trivia / Dex,,,,,"Players patent letters they use frequently, earning royalties from other players. 2–5 in 30–60 minutes. Unique economic layer on a word game.",Word game with patent monopolies; economic twist,Alliance Game Distributors,$39.99,$31.99
331,Paperback,Word / Trivia / Dex,,743,7.09,2.0,Players build decks of letter cards to form words. Plays 2–5 in 45–60 minutes. Unique combination of word game and deck-building.,Word-forming deck-builder; Scrabble meets Dominion,Alliance Game Distributors,$39.99,$31.99
332,Perquacky,Word / Trivia / Dex,,,,,Players form words from rolled letter dice against a timer. Solo or group play. Very accessible word game for casual visitors.,Classic timed word-forming dice game,Alliance Game Distributors,$19.99,$15.99
333,Qwirkle,Word / Trivia / Dex,,,,,Players match colors and shapes in Scrabble-style lines. 2–4 in 45 minutes. Completely language-free and very accessible.,Color-and-shape matching tile game; language-free Scrabble,Alliance Game Distributors,$34.99,$27.99
334,Scrabble,Word / Trivia / Dex,,,,,Plays 2–4 in 45–90 minutes. The brand recognition alone earns shelf space. Stock for visitors who specifically request a word tile game.,Definitive word tile game; universally recognized,Alliance Game Distributors,$19.99,$15.99
335,Ticket to Ride: Rails and Sails,Word / Trivia / Dex,,806,7.43,2.5,"The largest and most ambitious Ticket to Ride map. 2–5 players, 60–90 minutes. For dedicated Ticket to Ride groups who want the complete experience.",Giant Ticket to Ride combining trains and ships,Asmodee USA Direct,$79.99,$63.99
336,Word Slam,Word / Trivia / Dex,,,,,One player uses category cards to describe a word without speaking or drawing. 2–8 in 30 minutes. Very fast and accessible.,Team synonym guessing with category cards,Alliance Game Distributors,$24.99,$19.99
337,Buffalo Games: NYC Skyline at Night (500pc),Puzzles,★,,,,Buffalo Games 500-piece New York City skyline at night. High-contrast dramatic image. 2–3 hours. Strong visual impact when assembled.,NYC skyline at night; dramatic and recognizable,Alliance Game Distributors,$14.99,$11.99
338,Galison: Brooklyn (500pc),Puzzles,★,,,,Galison 500-piece Brooklyn-themed illustrated puzzle. Speaks directly to the neighborhood identity of The Merry Meeple's location in Bed-Stuy.,Brooklyn-themed illustrated puzzle; hyperlocal identity,Publisher Direct,$22.00,$22.00
339,New York Puzzle Co: Brooklyn Bridge (500pc),Puzzles,★,,,,NYPC 500-piece illustrated Brooklyn Bridge. The defining landmark adjacent to the café's neighborhood. 2–3 hour completion. NYPC signature illustration quality.,Premium illustrated Brooklyn Bridge; defining local landmark,Publisher Direct,$22.00,$22.00
340,New York Puzzle Co: Brooklyn Neighborhoods (500pc),Puzzles,★,,,,"NYPC 500-piece illustrated Brooklyn neighborhood map. Bed-Stuy, Bushwick, Crown Heights — the neighborhood detail resonates directly with local customers.",Brooklyn-specific neighborhood map; hyperlocal,Publisher Direct,$22.00,$22.00
341,New York Puzzle Co: Central Park (500pc),Puzzles,★,,,,NYPC 500-piece aerial illustrated Central Park. Beautiful green-on-city contrast. 2–3 hours. Consistent NYPC quality and strong brand identity.,Aerial illustrated Central Park; recognizable NYC landmark,Publisher Direct,$22.00,$22.00
342,New York Puzzle Co: Coney Island Vintage Poster (500pc),Puzzles,★,,,,NYPC 500-piece vintage Coney Island amusement park poster. Classic Brooklyn summer nostalgia. Conversation starter for locals and tourists alike.,Vintage Coney Island poster; classic Brooklyn nostalgia,Publisher Direct,$22.00,$22.00
343,New York Puzzle Co: Harlem (500pc),Puzzles,★,,,,NYPC 500-piece illustrated Harlem street scene. Culturally resonant and geographically close to Bed-Stuy. Strong local identity alignment.,Illustrated Harlem street life; culturally resonant,Publisher Direct,$22.00,$22.00
344,New York Puzzle Co: NYC Neighborhood Map (500pc),Puzzles,★,,,,NYPC 500-piece illustrated NYC neighborhood map. Generates local conversation. 2–3 hours. Classic NYPC illustration style.,Illustrated NYC map with neighborhood labels,Publisher Direct,$22.00,$22.00
345,New York Puzzle Co: NYC Subway Map (1000pc),Puzzles,★,,,,NYPC 1000-piece official NYC subway map puzzle. Universally recognized by anyone who has lived in New York. 4–6 hours — best as a multi-visit puzzle.,Official MTA subway map; 1000-piece NYC icon,Publisher Direct,$27.00,$27.00
346,New York Puzzle Co: NYC at Night Aerial (1000pc),Puzzles,★,,,,NYPC 1000-piece aerial night photograph of New York City. Dramatic and beautiful. 4–6 hour multi-session puzzle option. Premium photo quality.,Aerial night photo of NYC; dramatic long-session puzzle,Publisher Direct,$27.00,$27.00
347,New York Puzzle Co: New Yorker NYC Cover (500pc),Puzzles,★,,,,NYPC 500-piece New Yorker cover illustration. Intellectual aesthetic perfectly aligned with Dark Academia identity. Rotate covers seasonally.,New Yorker cover art; Dark Academia aesthetic alignment,Publisher Direct,$22.00,$22.00
348,Ravensburger: Manhattan Skyline (500pc),Puzzles,★,,,,Ravensburger 500-piece Manhattan skyline. Precision-cut pieces — very durable for repeated café assembly. 2–3 hours.,Ravensburger precision-cut Manhattan skyline,Alliance Game Distributors,$19.99,$15.99
,,,,,,,,,,"$15,415.79",$35.92
